UnitID,Institution Name,Historically Black College or University (HD2023),Sector of institution (HD2023),Carnegie Classification 2021: Basic (HD2023),Grand total (EFFY2023  All students  Undergraduate total),Black or African American men (EFFY2023  All students  Undergraduate total),U.S. Nonresident men (EFFY2023  All students  Undergraduate total),Grand total (EFFY2023  All students  Undergraduate  Degree/certificate-seeking total),Black or African American men (EFFY2023  All students  Undergraduate  Degree/certificate-seeking total),U.S. Nonresident men (EFFY2023  All students  Undergraduate  Degree/certificate-seeking total),Grand total (EFFY2023  All students  Undergraduate  Degree/certificate-seeking  First-time),Black or African American men (EFFY2023  All students  Undergraduate  Degree/certificate-seeking  First-time),U.S. Nonresident men (EFFY2023  All students  Undergraduate  Degree/certificate-seeking  First-time),Grand total (EFFY2023  All students  Undergraduate  Other degree/certificate-seeking),Black or African American men (EFFY2023  All students  Undergraduate  Other degree/certificate-seeking),U.S. Nonresident men (EFFY2023  All students  Undergraduate  Other degree/certificate-seeking),Grand total (EFFY2023  All students total),Black or African American men (EFFY2023  All students total),U.S. Nonresident men (EFFY2023  All students total),Grand total (EFFY2023  Full-time students  Undergraduate total),Black or African American men (EFFY2023  Full-time students  Undergraduate total),U.S. Nonresident men (EFFY2023  Full-time students  Undergraduate total),Grand total (EFFY2023  Full-time students  Undergraduate  Degree/certificate-seeking total),Black or African American men (EFFY2023  Full-time students  Undergraduate  Degree/certificate-seeking total),U.S. Nonresident men (EFFY2023  Full-time students  Undergraduate  Degree/certificate-seeking total),Grand total (EFFY2023  Full-time students  Undergraduate  Degree/certificate-seeking  First-time),Black or African American men (EFFY2023  Full-time students  Undergraduate  Degree/certificate-seeking  First-time),U.S. Nonresident men (EFFY2023  Full-time students  Undergraduate  Degree/certificate-seeking  First-time),Grand total (EFFY2023  Part-time students  Undergraduate total),Black or African American men (EFFY2023  Part-time students  Undergraduate total),U.S. Nonresident men (EFFY2023  Part-time students  Undergraduate total),Grand total (EFFY2023  Part-time students  Undergraduate  Degree/certificate-seeking total),Black or African American men (EFFY2023  Part-time students  Undergraduate  Degree/certificate-seeking total),U.S. Nonresident men (EFFY2023  Part-time students  Undergraduate  Degree/certificate-seeking total),Grand total (EFFY2023  Part-time students  Undergraduate  Degree/certificate-seeking  First-time),Black or African American men (EFFY2023  Part-time students  Undergraduate  Degree/certificate-seeking  First-time),U.S. Nonresident men (EFFY2023  Part-time students  Undergraduate  Degree/certificate-seeking  First-time),Grand total (EFFY2022_RV  All students  Undergraduate total),Black or African American men (EFFY2022_RV  All students  Undergraduate total),U.S. Nonresident men (EFFY2022_RV  All students  Undergraduate total),Grand total (EFFY2022_RV  All students  Undergraduate  Degree/certificate-seeking total),Black or African American men (EFFY2022_RV  All students  Undergraduate  Degree/certificate-seeking total),U.S. Nonresident men (EFFY2022_RV  All students  Undergraduate  Degree/certificate-seeking total),Grand total (EFFY2022_RV  All students  Undergraduate  Degree/certificate-seeking  First-time),Black or African American men (EFFY2022_RV  All students  Undergraduate  Degree/certificate-seeking  First-time),U.S. Nonresident men (EFFY2022_RV  All students  Undergraduate  Degree/certificate-seeking  First-time),Grand total (EFFY2022_RV  All students  Undergraduate  Other degree/certificate-seeking),Black or African American men (EFFY2022_RV  All students  Undergraduate  Other degree/certificate-seeking),U.S. Nonresident men (EFFY2022_RV  All students  Undergraduate  Other degree/certificate-seeking),Grand total (EFFY2022_RV  All students total),Black or African American men (EFFY2022_RV  All students total),U.S. Nonresident men (EFFY2022_RV  All students total),Grand total (EFFY2022_RV  Full-time students  Undergraduate total),Black or African American men (EFFY2022_RV  Full-time students  Undergraduate total),U.S. Nonresident men (EFFY2022_RV  Full-time students  Undergraduate total),Grand total (EFFY2022_RV  Full-time students  Undergraduate  Degree/certificate-seeking total),Black or African American men (EFFY2022_RV  Full-time students  Undergraduate  Degree/certificate-seeking total),U.S. Nonresident men (EFFY2022_RV  Full-time students  Undergraduate  Degree/certificate-seeking total),Grand total (EFFY2022_RV  Full-time students  Undergraduate  Degree/certificate-seeking  First-time),Black or African American men (EFFY2022_RV  Full-time students  Undergraduate  Degree/certificate-seeking  First-time),U.S. Nonresident men (EFFY2022_RV  Full-time students  Undergraduate  Degree/certificate-seeking  First-time),Grand total (EFFY2022_RV  Part-time students  Undergraduate total),Black or African American men (EFFY2022_RV  Part-time students  Undergraduate total),U.S. Nonresident men (EFFY2022_RV  Part-time students  Undergraduate total),Grand total (EFFY2022_RV  Part-time students  Undergraduate  Degree/certificate-seeking total),Black or African American men (EFFY2022_RV  Part-time students  Undergraduate  Degree/certificate-seeking total),U.S. Nonresident men (EFFY2022_RV  Part-time students  Undergraduate  Degree/certificate-seeking total),Grand total (EFFY2022_RV  Part-time students  Undergraduate  Degree/certificate-seeking  First-time),Black or African American men (EFFY2022_RV  Part-time students  Undergraduate  Degree/certificate-seeking  First-time),U.S. Nonresident men (EFFY2022_RV  Part-time students  Undergraduate  Degree/certificate-seeking  First-time),Grand total (EFFY2021_RV  All students  Undergraduate total),Black or African American men (EFFY2021_RV  All students  Undergraduate total),Nonresident alien men (EFFY2021_RV  All students  Undergraduate total),Grand total (EFFY2021_RV  All students  Undergraduate  Degree/certificate-seeking total),Black or African American men (EFFY2021_RV  All students  Undergraduate  Degree/certificate-seeking total),Nonresident alien men (EFFY2021_RV  All students  Undergraduate  Degree/certificate-seeking total),Grand total (EFFY2021_RV  All students  Undergraduate  Degree/certificate-seeking  First-time),Black or African American men (EFFY2021_RV  All students  Undergraduate  Degree/certificate-seeking  First-time),Nonresident alien men (EFFY2021_RV  All students  Undergraduate  Degree/certificate-seeking  First-time),Grand total (EFFY2021_RV  All students  Undergraduate  Other degree/certificate-seeking),Black or African American men (EFFY2021_RV  All students  Undergraduate  Other degree/certificate-seeking),Nonresident alien men (EFFY2021_RV  All students  Undergraduate  Other degree/certificate-seeking),Grand total (EFFY2021_RV  All students total),Black or African American men (EFFY2021_RV  All students total),Nonresident alien men (EFFY2021_RV  All students total),Grand total (EFFY2021_RV  Full-time students  Undergraduate total),Black or African American men (EFFY2021_RV  Full-time students  Undergraduate total),Nonresident alien men (EFFY2021_RV  Full-time students  Undergraduate total),Grand total (EFFY2021_RV  Full-time students  Undergraduate  Degree/certificate-seeking total),Black or African American men (EFFY2021_RV  Full-time students  Undergraduate  Degree/certificate-seeking total),Nonresident alien men (EFFY2021_RV  Full-time students  Undergraduate  Degree/certificate-seeking total),Grand total (EFFY2021_RV  Full-time students  Undergraduate  Degree/certificate-seeking  First-time),Black or African American men (EFFY2021_RV  Full-time students  Undergraduate  Degree/certificate-seeking  First-time),Nonresident alien men (EFFY2021_RV  Full-time students  Undergraduate  Degree/certificate-seeking  First-time),Grand total (EFFY2021_RV  Part-time students  Undergraduate total),Black or African American men (EFFY2021_RV  Part-time students  Undergraduate total),Nonresident alien men (EFFY2021_RV  Part-time students  Undergraduate total),Grand total (EFFY2021_RV  Part-time students  Undergraduate  Degree/certificate-seeking total),Black or African American men (EFFY2021_RV  Part-time students  Undergraduate  Degree/certificate-seeking total),Nonresident alien men (EFFY2021_RV  Part-time students  Undergraduate  Degree/certificate-seeking total),Grand total (EFFY2021_RV  Part-time students  Undergraduate  Degree/certificate-seeking  First-time),Black or African American men (EFFY2021_RV  Part-time students  Undergraduate  Degree/certificate-seeking  First-time),Nonresident alien men (EFFY2021_RV  Part-time students  Undergraduate  Degree/certificate-seeking  First-time),Grand total (EFFY2020_RV  All students  Undergraduate total),Black or African American men (EFFY2020_RV  All students  Undergraduate total),Nonresident alien men (EFFY2020_RV  All students  Undergraduate total),Grand total (EFFY2020_RV  All students  Undergraduate  Degree/certificate-seeking total),Black or African American men (EFFY2020_RV  All students  Undergraduate  Degree/certificate-seeking total),Nonresident alien men (EFFY2020_RV  All students  Undergraduate  Degree/certificate-seeking total),Grand total (EFFY2020_RV  All students  Undergraduate  Degree/certificate-seeking  First-time),Black or African American men (EFFY2020_RV  All students  Undergraduate  Degree/certificate-seeking  First-time),Nonresident alien men (EFFY2020_RV  All students  Undergraduate  Degree/certificate-seeking  First-time),Grand total (EFFY2020_RV  All students  Undergraduate  Other degree/certificate-seeking),Black or African American men (EFFY2020_RV  All students  Undergraduate  Other degree/certificate-seeking),Nonresident alien men (EFFY2020_RV  All students  Undergraduate  Other degree/certificate-seeking),Grand total (EFFY2020_RV  All students total),Black or African American men (EFFY2020_RV  All students total),Nonresident alien men (EFFY2020_RV  All students total),Grand total (EFFY2020_RV  Full-time students  Undergraduate total),Black or African American men (EFFY2020_RV  Full-time students  Undergraduate total),Nonresident alien men (EFFY2020_RV  Full-time students  Undergraduate total),Grand total (EFFY2020_RV  Full-time students  Undergraduate  Degree/certificate-seeking total),Black or African American men (EFFY2020_RV  Full-time students  Undergraduate  Degree/certificate-seeking total),Nonresident alien men (EFFY2020_RV  Full-time students  Undergraduate  Degree/certificate-seeking total),Grand total (EFFY2020_RV  Full-time students  Undergraduate  Degree/certificate-seeking  First-time),Black or African American men (EFFY2020_RV  Full-time students  Undergraduate  Degree/certificate-seeking  First-time),Nonresident alien men (EFFY2020_RV  Full-time students  Undergraduate  Degree/certificate-seeking  First-time),Grand total (EFFY2020_RV  Part-time students  Undergraduate total),Black or African American men (EFFY2020_RV  Part-time students  Undergraduate total),Nonresident alien men (EFFY2020_RV  Part-time students  Undergraduate total),Grand total (EFFY2020_RV  Part-time students  Undergraduate  Degree/certificate-seeking total),Black or African American men (EFFY2020_RV  Part-time students  Undergraduate  Degree/certificate-seeking total),Nonresident alien men (EFFY2020_RV  Part-time students  Undergraduate  Degree/certificate-seeking total),Grand total (EFFY2020_RV  Part-time students  Undergraduate  Degree/certificate-seeking  First-time),Black or African American men (EFFY2020_RV  Part-time students  Undergraduate  Degree/certificate-seeking  First-time),Nonresident alien men (EFFY2020_RV  Part-time students  Undergraduate  Degree/certificate-seeking  First-time),
100654,Alabama A & M University,1,1,18,5664,2062,41,5660,2062,41,1756,635,20,3904,1427,21,6627,2238,71,5088,1831,40,5087,1831,40,1698,605,19,576,231,1,573,231,1,58,30,1,5663,2069,29,5621,2063,29,1680,635,8,3941,1428,21,6681,2254,56,4862,1765,28,4862,1765,28,1551,592,8,801,304,1,759,298,1,129,43,0,5529,1964,19,5517,1961,19,1632,597,3,3885,1364,16,6628,2172,43,4910,1744,19,4910,1744,19,1563,582,3,619,220,0,607,217,0,69,15,0,5479,1972,21,5472,1971,21,1753,620,5,3719,1351,16,6560,2203,45,5088,1819,20,5087,1818,20,1730,607,5,391,153,1,385,153,1,23,13,0,
100724,Alabama State University,1,1,17,3641,1189,47,3638,1188,47,1014,363,10,2624,825,37,4255,1325,56,3267,1072,46,3267,1072,46,1002,360,10,374,117,1,371,116,1,12,3,0,3899,1296,37,3898,1296,37,1060,374,7,2838,922,30,4425,1404,42,3318,1068,36,3318,1068,36,922,303,6,581,228,1,580,228,1,138,71,1,3914,1302,33,3913,1301,33,1055,360,8,2858,941,25,4478,1418,39,3411,1121,32,3410,1120,32,966,321,8,503,181,1,503,181,1,89,39,0,4127,1426,28,4121,1423,28,1116,396,9,3005,1027,19,4640,1526,37,3689,1258,27,3689,1258,27,1091,384,9,438,168,1,432,165,1,25,12,0,
138716,Albany State University,1,1,19,6971,1436,7,6737,1395,7,1601,385,0,5136,1010,7,7603,1508,10,4639,1081,3,4606,1069,3,1462,351,0,2332,355,4,2131,326,4,139,34,0,6985,1393,12,6662,1356,12,1211,323,1,5451,1033,11,7574,1467,17,4270,984,9,4228,977,9,1023,268,1,2715,409,3,2434,379,3,188,55,0,7176,1495,17,6815,1436,17,1565,442,2,5250,994,15,7702,1564,22,4526,1069,13,4452,1054,13,1303,366,2,2650,426,4,2363,382,4,262,76,0,6931,1382,20,6409,1304,18,1586,466,3,4823,838,15,7339,1441,24,4485,1022,15,4349,996,13,1460,418,2,2446,360,5,2060,308,5,126,48,1,
175342,Alcorn State University,1,1,20,2814,863,11,2678,826,11,522,163,2,2156,663,9,3417,1000,32,2239,707,10,2235,706,10,479,149,2,575,156,1,443,120,1,43,14,0,2857,882,46,2799,876,46,426,132,0,2373,744,46,3511,1031,55,2356,754,44,2356,754,44,396,119,0,501,128,2,443,122,2,30,13,0,3098,921,65,2853,861,64,419,128,1,2434,733,63,3728,1054,75,2498,760,63,2433,735,63,406,125,1,600,161,2,420,126,1,13,3,0,3427,1080,68,3130,1004,67,550,174,3,2580,830,64,3944,1215,81,2869,929,65,2772,894,65,528,168,3,558,151,3,358,110,2,22,6,0,
217624,Allen University,1,2,21,707,383,3,707,383,3,194,105,2,513,278,1,796,425,3,609,337,3,609,337,3,175,96,2,98,46,0,98,46,0,19,9,0,1093,604,4,1093,604,4,264,163,0,829,441,4,1215,664,4,889,495,4,889,495,4,217,132,0,204,109,0,204,109,0,47,31,0,1162,584,4,1162,584,4,328,165,0,834,419,4,1293,643,4,937,463,4,937,463,4,264,131,0,225,121,0,225,121,0,64,34,0,1141,551,4,1140,551,4,345,157,1,795,394,3,1249,597,4,764,379,2,764,379,2,239,106,1,377,172,2,376,172,2,106,51,0,
219505,American Baptist College,1,2,22,51,31,1,51,31,1,4,1,0,47,30,1,51,31,1,44,28,1,44,28,1,3,1,0,7,3,0,7,3,0,1,0,0,63,39,2,63,39,2,4,4,0,59,35,2,63,39,2,50,30,2,50,30,2,4,4,0,13,9,0,13,9,0,,,,62,37,1,62,37,1,6,3,0,56,34,1,62,37,1,40,24,1,40,24,1,3,3,0,22,13,0,22,13,0,3,0,0,113,68,2,113,68,2,29,14,0,84,54,2,113,68,2,106,63,2,106,63,2,22,9,0,7,5,0,7,5,0,7,5,0,
106306,Arkansas Baptist College,1,2,23,646,439,5,642,438,5,308,212,0,334,226,5,646,439,5,568,392,5,567,391,5,264,185,0,78,47,0,75,47,0,44,27,0,862,553,11,862,553,11,257,175,4,605,378,7,862,553,11,683,435,9,683,435,9,209,146,3,179,118,2,179,118,2,48,29,1,604,336,4,602,334,4,52,37,0,550,297,4,604,336,4,454,246,4,454,246,4,43,29,0,150,90,0,148,88,0,9,8,0,747,361,0,747,361,0,166,54,0,581,307,0,747,361,0,249,118,0,249,118,0,48,14,0,498,243,0,498,243,0,118,40,0,
217721,Benedict College,1,2,22,2090,775,115,2019,750,115,382,164,7,1637,586,108,2176,818,119,1794,651,100,1794,651,100,377,162,7,296,124,15,225,99,15,5,2,0,1998,728,97,1998,728,97,594,247,28,1404,481,69,2031,748,97,1928,699,96,1928,699,96,594,247,28,70,29,1,70,29,1,,,,1902,658,70,1902,658,70,440,153,16,1462,505,54,1914,664,70,1868,642,70,1868,642,70,438,151,16,34,16,0,34,16,0,2,2,0,2156,814,69,2154,814,69,773,278,31,1381,536,38,2163,817,69,2114,791,69,2114,791,69,762,270,31,42,23,0,40,23,0,11,8,0,
197993,Bennett College,1,2,21,176,0,0,176,0,0,32,0,0,144,0,0,176,0,0,164,0,0,164,0,0,32,0,0,12,0,0,12,0,0,,,,214,0,0,214,0,0,27,0,0,187,0,0,214,0,0,182,0,0,182,0,0,26,0,0,32,0,0,32,0,0,1,0,0,241,0,0,241,0,0,41,0,0,200,0,0,241,0,0,214,0,0,214,0,0,38,0,0,27,0,0,27,0,0,3,0,0,320,0,0,320,0,0,13,0,0,307,0,0,320,0,0,306,0,0,306,0,0,13,0,0,14,0,0,14,0,0,,,,
132602,Bethune-Cookman University,1,2,21,2988,840,35,2988,840,35,1153,280,8,1835,560,27,3099,868,39,2678,765,34,2678,765,34,1000,270,7,310,75,1,310,75,1,153,10,1,2752,818,25,2752,818,25,884,265,11,1868,553,14,2886,850,27,2582,759,25,2582,759,25,878,262,11,170,59,0,170,59,0,6,3,0,2913,846,16,2913,846,16,735,207,5,2178,639,11,3040,882,18,2766,788,16,2766,788,16,732,205,5,147,58,0,147,58,0,3,2,0,3065,866,36,3065,866,36,614,188,9,2451,678,27,3221,908,39,2939,832,34,2939,832,34,612,187,9,126,34,2,126,34,2,2,1,0,
237215,Bluefield State University,1,1,22,1455,126,4,1170,120,4,310,45,0,860,75,4,1479,130,4,1065,115,4,1046,115,4,300,45,0,390,11,0,124,5,0,10,0,0,1706,143,5,1633,141,3,406,84,0,1227,57,3,1706,143,5,1099,110,4,1094,110,3,332,68,0,607,33,1,539,31,0,74,16,0,1458,76,2,1390,75,2,267,16,0,1123,59,2,1458,76,2,1065,55,2,1064,55,2,222,14,0,393,21,0,326,20,0,45,2,0,1435,70,6,1362,68,5,245,12,1,1117,56,4,1435,70,6,1080,63,5,1079,63,5,213,11,1,355,7,1,283,5,0,32,1,0,
162007,Bowie State University,1,1,18,6034,1950,48,5798,1866,48,1240,408,8,4558,1458,40,7205,2170,121,4716,1521,37,4710,1521,37,1213,397,8,1318,429,11,1088,345,11,27,11,0,5868,1895,51,5674,1841,50,977,319,5,4697,1522,45,6960,2133,115,4575,1470,41,4567,1467,41,946,309,5,1293,425,10,1107,374,9,31,10,0,5853,1847,66,5710,1808,66,1005,313,4,4705,1495,62,6994,2100,117,4649,1443,49,4643,1442,49,988,306,4,1204,404,17,1067,366,17,17,7,0,5835,1874,92,5605,1806,92,865,299,4,4740,1507,88,7010,2128,161,4628,1496,83,4622,1493,83,839,291,4,1207,378,9,983,313,9,26,8,0,
201690,Central State University,1,1,22,6282,778,78,6209,773,65,669,146,23,5540,627,42,6320,790,78,3399,580,58,3395,579,57,594,130,21,2883,198,20,2814,194,8,75,16,2,7178,848,57,7141,841,57,653,202,17,6488,639,40,7192,853,57,3064,622,56,3062,622,56,621,194,17,4114,226,1,4079,219,1,32,8,0,6587,888,50,6569,884,50,515,152,7,6054,732,43,6587,888,50,2694,663,44,2693,663,44,499,146,6,3893,225,6,3876,221,6,16,6,1,2421,784,46,2354,762,46,646,207,10,1708,555,36,2421,784,46,2065,709,46,2064,709,46,636,201,10,356,75,0,290,53,0,10,6,0,
211608,Cheyney University of Pennsylvania,1,1,21,750,218,2,727,211,2,202,61,1,525,150,1,750,218,2,645,190,1,643,189,1,195,59,1,105,28,1,84,22,1,7,2,0,743,230,2,700,220,2,229,73,0,471,147,2,743,230,2,625,194,2,625,194,2,216,68,0,118,36,0,75,26,0,13,5,0,687,202,1,658,197,1,224,69,0,434,128,1,687,202,1,576,174,0,575,174,0,204,61,0,111,28,1,83,23,1,20,8,0,674,202,0,630,192,0,219,58,0,411,134,0,674,202,0,580,175,0,580,175,0,218,57,0,94,27,0,50,17,0,1,1,0,
217873,Claflin University,1,2,21,1965,541,19,1892,518,19,404,99,7,1488,419,12,2097,569,20,1781,479,19,1750,475,19,404,99,7,184,62,0,142,43,0,,,,1991,533,19,1960,522,19,318,91,1,1642,431,18,2127,561,21,1830,490,19,1812,482,19,318,91,1,161,43,0,148,40,0,,,,2129,551,24,2116,550,24,497,109,3,1619,441,21,2217,570,26,1941,502,23,1941,502,23,487,105,3,188,49,1,175,48,1,10,4,0,2202,616,36,2154,593,35,459,143,6,1695,450,29,2302,634,38,1968,555,35,1965,555,35,459,143,6,234,61,1,189,38,0,,,,
138947,Clark Atlanta University,1,2,16,3653,526,5,3614,514,5,1206,68,1,2408,446,4,4324,627,19,3433,476,4,3412,465,4,1167,64,1,220,50,1,202,49,1,39,4,0,3593,665,11,3544,651,11,1150,155,0,2394,496,11,4306,806,31,3368,616,7,3342,609,7,1133,154,0,225,49,4,202,42,4,17,1,0,3387,687,33,3360,679,33,786,108,0,2574,571,33,4123,851,54,3164,630,25,3164,630,25,753,103,0,223,57,8,196,49,8,33,5,0,3581,745,67,3574,744,67,840,176,2,2734,568,65,4273,919,93,3415,727,62,3415,727,62,837,176,2,166,18,5,159,17,5,3,0,0,
217891,Clinton College,1,2,23,215,86,0,215,86,0,71,29,0,144,57,0,215,86,0,210,85,0,210,85,0,71,29,0,5,1,0,5,1,0,,,,235,89,0,235,89,0,56,19,0,179,70,0,235,89,0,200,74,0,200,74,0,55,18,0,35,15,0,35,15,0,1,1,0,150,67,0,150,67,0,66,33,0,84,34,0,150,67,0,117,50,0,117,50,0,50,24,0,33,17,0,33,17,0,16,9,0,251,114,0,251,114,0,54,30,0,197,84,0,251,114,0,233,109,0,233,109,0,53,30,0,18,5,0,18,5,0,1,0,0,
162283,Coppin State University,1,1,20,1925,323,46,1858,301,42,358,71,10,1500,230,32,2228,369,69,1417,247,39,1417,247,39,341,67,10,508,76,7,441,54,3,17,4,0,2006,336,41,1925,306,38,184,41,1,1741,265,37,2326,390,61,1411,236,31,1408,233,31,178,40,1,595,100,10,517,73,7,6,1,0,2278,387,61,2236,371,57,312,55,3,1924,316,54,2573,433,76,1665,280,44,1664,280,44,301,50,2,613,107,17,572,91,13,11,5,1,2588,465,65,2527,440,61,451,114,5,2076,326,56,2993,525,80,1870,333,52,1868,332,51,436,108,5,718,132,13,659,108,10,15,6,0,
130934,Delaware State University,1,1,19,5429,1220,47,4928,1179,47,1468,336,10,3460,843,37,6462,1346,79,4188,1019,45,4149,1014,45,1282,292,8,1241,201,2,779,165,2,186,44,2,4812,1083,7,4496,1080,7,1069,276,0,3427,804,7,5770,1246,31,3934,958,7,3914,955,7,961,255,0,878,125,0,582,125,0,108,21,0,4485,981,59,4128,950,58,1046,236,5,3082,714,53,5230,1108,87,3790,841,57,3739,836,56,982,225,5,695,140,2,389,114,2,64,11,0,4727,1036,112,4183,1002,103,1172,274,16,3011,728,87,5263,1132,150,4008,933,110,3908,927,102,1129,266,16,719,103,2,275,75,1,43,8,0,
158802,Dillard University,1,2,21,1286,271,11,1277,269,11,338,69,4,939,200,7,1286,271,11,1206,254,11,1206,254,11,336,69,4,80,17,0,71,15,0,2,0,0,1255,249,8,1246,246,8,321,53,6,925,193,2,1255,249,8,1161,225,8,1161,225,8,321,53,6,94,24,0,85,21,0,,,,1274,244,1,1269,244,1,321,55,0,948,189,1,1274,244,1,1181,224,1,1181,224,1,316,54,0,93,20,0,88,20,0,5,1,0,1324,220,2,1308,217,2,320,49,1,988,168,1,1324,220,2,1209,203,2,1209,203,2,320,49,1,115,17,0,99,14,0,,,,
133526,Edward Waters University,1,2,22,1181,523,1,1181,523,1,335,156,0,846,367,1,1223,544,1,1093,487,1,1093,487,1,324,151,0,88,36,0,88,36,0,11,5,0,1304,571,0,1304,571,0,360,176,0,944,395,0,1347,591,0,1229,551,0,1229,551,0,339,166,0,75,20,0,75,20,0,21,10,0,2425,751,1,1013,448,1,250,101,0,763,347,1,2425,751,1,959,424,0,959,424,0,248,100,0,1466,327,1,54,24,1,2,1,0,3298,831,0,1037,467,0,339,151,0,698,316,0,3298,831,0,965,431,0,965,431,0,315,139,0,2333,400,0,72,36,0,24,12,0,
198507,Elizabeth City State University,1,1,22,2302,669,11,2069,639,11,364,137,3,1705,502,8,2439,685,12,1799,585,7,1796,585,7,359,134,3,503,84,4,273,54,4,5,3,0,2265,601,7,1992,578,7,353,111,0,1639,467,7,2382,610,7,1741,537,7,1732,536,7,346,109,0,524,64,0,260,42,0,7,2,0,2241,599,10,1979,568,8,385,116,0,1594,452,8,2351,611,10,1748,524,8,1741,523,8,378,114,0,493,75,2,238,45,0,7,2,0,1922,521,6,1766,510,6,407,114,0,1359,396,6,2027,531,6,1620,487,6,1620,487,6,400,113,0,302,34,0,146,23,0,7,1,0,
198543,Fayetteville State University,1,1,19,7049,1230,15,6415,1164,11,923,213,1,5492,951,10,8367,1446,28,4470,847,10,4318,833,8,811,181,1,2579,383,5,2097,331,3,112,32,0,6823,1143,15,5852,1052,4,675,171,1,5177,881,3,8294,1366,28,3983,761,6,3811,750,2,572,149,1,2840,382,9,2041,302,2,103,22,0,7160,1095,9,6106,999,6,817,184,0,5289,815,6,8658,1291,22,4358,777,3,4196,768,3,732,166,0,2802,318,6,1910,231,3,85,18,0,7062,1164,12,5962,1074,8,718,150,0,5244,924,8,8376,1342,26,4455,902,5,4283,883,5,693,147,0,2607,262,7,1679,191,3,25,3,0,
220181,Fisk University,1,2,21,1045,199,91,1041,199,91,318,49,42,723,150,49,1096,207,91,1012,194,90,1010,194,90,311,49,41,33,5,1,31,5,1,7,0,1,964,207,67,964,207,67,301,62,24,663,145,43,994,213,67,912,195,66,912,195,66,295,60,24,52,12,1,52,12,1,6,2,0,920,203,54,920,203,54,251,49,25,669,154,29,952,210,54,881,197,53,881,197,53,249,48,25,39,6,1,39,6,1,2,1,0,903,215,29,903,215,29,386,85,9,517,130,20,942,221,29,880,207,29,880,207,29,378,82,9,23,8,0,23,8,0,8,3,0,
133650,Florida Agricultural and Mechanical University,1,1,16,8704,2505,7,8342,2473,7,1616,444,0,6726,2029,7,10428,2881,24,7208,2157,7,7166,2155,7,1536,429,0,1496,348,0,1176,318,0,80,15,0,8256,2390,11,7918,2351,10,1223,319,1,6695,2032,9,10142,2813,32,6779,1986,8,6748,1980,8,1179,311,0,1477,404,3,1170,371,2,44,8,1,8255,2405,13,7853,2343,13,1131,333,0,6722,2010,13,10221,2832,48,6720,1973,11,6685,1961,11,1041,298,0,1535,432,2,1168,382,2,90,35,0,8702,2553,16,8336,2511,14,1400,399,2,6936,2112,12,10696,2982,48,7299,2143,15,7272,2135,13,1367,386,2,1403,410,1,1064,376,1,33,13,0,
133979,Florida Memorial University,1,2,22,1313,419,88,1264,405,88,510,159,20,754,246,68,1375,430,90,1212,379,80,1163,365,80,488,146,19,101,40,8,101,40,8,22,13,1,1122,295,100,1122,295,100,340,48,23,782,247,77,1171,307,101,1013,266,98,1013,266,98,299,40,21,109,29,2,109,29,2,41,8,2,1033,278,87,1033,278,87,341,115,6,692,163,81,1086,289,91,882,252,82,882,252,82,264,99,4,151,26,5,151,26,5,77,16,2,1257,314,102,1255,314,101,403,115,30,852,199,71,1331,332,105,1098,276,94,1096,276,93,360,108,27,159,38,8,159,38,8,43,7,3,
139719,Fort Valley State University,1,1,20,2596,854,2,2575,850,2,596,181,0,1979,669,2,2875,900,15,2200,739,2,2199,739,2,574,174,0,396,115,0,376,111,0,22,7,0,2772,954,3,2721,949,2,654,237,1,2067,712,1,3083,1010,9,2265,782,1,2257,782,1,609,211,1,507,172,2,464,167,1,45,26,0,2862,992,0,2815,978,0,811,303,0,2004,675,0,3202,1063,5,2427,828,0,2427,828,0,762,277,0,435,164,0,388,150,0,49,26,0,2511,899,0,2445,880,0,408,154,0,2037,726,0,2892,982,8,2178,778,0,2176,777,0,400,153,0,333,121,0,269,103,0,8,1,0,
159009,Grambling State University,1,1,18,4715,1582,36,4559,1527,36,924,314,3,3635,1213,33,5716,1828,39,3898,1331,30,3897,1331,30,871,296,3,817,251,6,662,196,6,53,18,0,4865,1628,41,4766,1593,40,813,273,4,3953,1320,36,5882,1874,45,4063,1382,35,4063,1382,35,755,256,4,802,246,6,703,211,5,58,17,0,5221,1701,48,5221,1701,48,1323,432,1,3898,1269,47,6351,1971,54,4305,1420,38,4305,1420,38,1190,394,1,916,281,10,916,281,10,133,38,0,4510,1502,85,4510,1502,85,931,326,4,3579,1176,81,5615,1768,91,3344,1099,51,3344,1099,51,854,291,4,1166,403,34,1166,403,34,77,35,0,
232265,Hampton University,1,2,17,3322,1081,21,2946,921,21,1019,314,5,1927,607,16,3842,1199,30,3124,1013,20,2752,854,20,991,309,5,198,68,1,194,67,1,28,5,0,4266,1419,20,4266,1419,20,950,307,8,3316,1112,12,4853,1545,32,3987,1331,18,3987,1331,18,926,301,8,279,88,2,279,88,2,24,6,0,3306,1063,18,3266,1046,18,677,218,7,2589,828,11,3807,1180,30,2877,909,16,2872,908,16,623,192,7,429,154,2,394,138,2,54,26,0,4076,1318,41,3868,1234,41,1000,313,25,2868,921,16,4720,1468,58,3595,1139,37,3593,1137,37,933,287,24,481,179,4,275,97,4,67,26,1,
177551,Harris-Stowe State University,1,1,22,1354,305,32,1267,277,32,288,72,5,979,205,27,1354,305,32,997,207,30,995,207,30,233,58,5,357,98,2,272,70,2,55,14,0,1377,289,21,1340,279,21,227,40,7,1113,239,14,1377,289,21,1045,213,20,1044,213,20,207,32,7,332,76,1,296,66,1,20,8,0,1514,329,18,1461,318,16,202,37,3,1259,281,13,1514,329,18,1094,219,15,1085,219,15,188,33,3,420,110,3,376,99,1,14,4,0,1890,468,27,1773,434,19,401,83,4,1372,351,15,1890,468,27,1445,365,18,1444,365,18,389,79,4,445,103,9,329,69,1,12,4,0,
131520,Howard University,1,2,16,10531,1763,227,9404,1723,227,2518,482,93,6886,1241,134,13861,2538,300,9183,1631,223,9135,1628,223,2513,481,93,1348,132,4,269,95,4,5,1,0,9530,1652,149,8805,1601,148,2782,459,45,6023,1142,103,12857,2422,234,8593,1528,144,8487,1503,144,2777,457,45,937,124,5,318,98,4,5,2,0,8427,1552,167,7959,1499,166,2391,347,50,5568,1152,116,11633,2332,255,7696,1411,163,7658,1403,163,2389,347,50,731,141,4,301,96,3,2,0,0,6801,1384,167,6606,1357,166,1931,245,40,4675,1112,126,9831,2119,270,6429,1293,164,6397,1288,163,1926,245,39,372,91,3,209,69,3,5,0,1,
225575,Huston-Tillotson University,1,2,22,1578,382,24,1571,380,24,197,61,1,1374,319,23,1614,386,24,1173,291,13,1173,291,13,144,43,1,405,91,11,398,89,11,53,18,0,1154,272,19,1153,272,19,169,51,4,984,221,15,1172,279,19,996,239,18,996,239,18,159,48,4,158,33,1,157,33,1,10,3,0,1249,301,10,1249,301,10,179,52,2,1070,249,8,1269,308,10,1120,275,10,1120,275,10,172,50,2,129,26,0,129,26,0,7,2,0,1270,294,14,1270,294,14,228,74,1,1042,220,13,1279,296,14,1172,277,13,1172,277,13,225,73,1,98,17,1,98,17,1,3,1,0,
140146,Interdenominational Theological Center,1,2,24,,,,,,,,,,,,,237,115,0,,,,,,,,,,,,,,,,,,,,,,,,,,,,,,,252,134,2,,,,,,,,,,,,,,,,,,,,,,,,,,,,,,,329,178,2,,,,,,,,,,,,,,,,,,,,,,,,,,,,,,,311,175,2,,,,,,,,,,,,,,,,,,,
175856,Jackson State University,1,1,16,5351,1832,40,5292,1809,39,1171,418,7,4121,1391,32,7764,2322,119,4541,1581,37,4520,1570,36,1099,391,7,810,251,3,772,239,3,72,27,0,5216,1691,46,5154,1671,45,811,280,7,4343,1391,38,7909,2247,102,4311,1405,41,4291,1398,41,781,266,6,905,286,5,863,273,4,30,14,1,5669,1789,54,5627,1787,50,698,260,6,4929,1527,44,8406,2305,113,4336,1416,44,4330,1414,44,659,242,6,1333,373,10,1297,373,6,39,18,0,5814,1824,76,5766,1817,72,873,324,7,4893,1493,65,8224,2279,144,4408,1513,63,4402,1512,62,800,294,7,1406,311,13,1364,305,10,73,30,0,
225885,Jarvis Christian University,1,2,22,892,289,13,892,289,13,163,50,5,729,239,8,892,289,13,811,264,13,811,264,13,153,48,5,81,25,0,81,25,0,10,2,0,874,277,11,874,277,11,152,53,3,722,224,8,874,277,11,787,247,10,787,247,10,147,52,3,87,30,1,87,30,1,5,1,0,934,244,5,922,241,4,100,23,1,822,218,3,934,244,5,870,217,5,864,217,4,100,23,1,64,27,0,58,24,0,,,,891,314,0,891,314,0,14,5,0,877,309,0,891,314,0,852,303,0,852,303,0,11,5,0,39,11,0,39,11,0,3,0,0,
198756,Johnson C Smith University,1,2,21,1147,410,3,1133,405,3,270,121,0,863,284,3,1193,417,3,1070,387,3,1065,384,3,263,116,0,77,23,0,68,21,0,7,5,0,1246,378,2,1235,375,2,252,77,0,983,298,2,1295,382,2,1151,346,2,1147,344,2,247,75,0,95,32,0,88,31,0,5,2,0,1331,370,13,1322,367,13,243,49,1,1079,318,12,1392,374,13,1245,340,13,1241,338,13,243,49,1,86,30,0,81,29,0,,,,1599,508,10,1586,504,10,360,125,1,1226,379,9,1669,515,10,1451,463,10,1451,463,10,347,121,1,148,45,0,135,41,0,13,4,0,
157058,Kentucky State University,1,1,22,2048,470,8,1487,462,8,394,139,4,1093,323,4,2203,495,26,1337,410,8,1324,410,8,347,117,4,711,60,0,163,52,0,47,22,0,2802,583,5,1841,579,5,507,163,2,1334,416,3,2981,631,14,1536,482,4,1526,482,4,417,128,1,1266,101,1,315,97,1,90,35,1,2924,577,5,1820,568,5,605,164,1,1215,404,4,3087,618,10,1480,463,4,1447,462,4,512,142,1,1444,114,1,373,106,1,93,22,0,2848,535,4,1588,526,4,560,186,1,1028,340,3,3044,582,16,1319,447,3,1287,447,3,449,157,1,1529,88,1,301,79,1,111,29,0,
220598,Lane College,1,2,21,1195,481,4,1195,481,4,431,140,4,764,341,0,1195,481,4,1058,402,4,1058,402,4,338,78,4,137,79,0,137,79,0,93,62,0,1148,492,4,1148,492,4,320,139,2,828,353,2,1148,492,4,1085,462,4,1085,462,4,319,138,2,63,30,0,63,30,0,1,1,0,1264,523,3,1264,523,3,400,171,1,864,352,2,1264,523,3,1121,460,3,1121,460,3,321,135,1,143,63,0,143,63,0,79,36,0,1397,599,2,1397,599,2,484,184,0,913,415,2,1397,599,2,1363,579,2,1363,579,2,476,178,0,34,20,0,34,20,0,8,6,0,
207209,Langston University,1,1,20,1925,596,21,1924,595,21,554,177,7,1370,418,14,2102,634,22,1719,561,20,1719,561,20,547,176,7,206,35,1,205,34,1,7,1,0,2003,611,34,2003,611,34,600,209,9,1403,402,25,2186,655,35,1852,570,33,1852,570,33,597,208,9,151,41,1,151,41,1,3,1,0,1996,532,33,1994,532,33,681,199,8,1313,333,25,2207,569,36,1844,505,33,1842,505,33,666,196,8,152,27,0,152,27,0,15,3,0,2371,616,25,2356,616,25,694,222,6,1662,394,19,2614,662,26,1992,546,24,1992,546,24,679,219,6,379,70,1,364,70,1,15,3,0,
220604,Le Moyne-Owen College,1,2,22,748,245,10,685,226,10,133,52,4,552,174,6,748,245,10,583,190,9,583,190,9,119,44,3,165,55,1,102,36,1,14,8,1,809,285,7,808,285,7,98,41,2,710,244,5,809,285,7,693,244,7,693,244,7,86,35,2,116,41,0,115,41,0,12,6,0,840,259,7,840,259,7,85,24,2,755,235,5,840,259,7,740,225,7,740,225,7,74,23,2,100,34,0,100,34,0,11,1,0,939,304,8,939,304,8,163,67,0,776,237,8,939,304,8,818,270,8,818,270,8,154,65,0,121,34,0,121,34,0,9,2,0,
177940,Lincoln University,1,1,22,2311,395,44,1530,371,42,389,119,9,1141,252,33,2446,411,54,1410,354,40,1307,342,38,370,113,9,901,41,4,223,29,4,19,6,0,2307,397,31,1509,362,30,323,97,6,1186,265,24,2461,417,38,1387,362,29,1270,343,28,313,97,5,920,35,2,239,19,2,10,0,1,2431,395,31,1712,383,31,398,110,8,1314,273,23,2599,416,40,1495,353,27,1417,351,27,387,108,7,936,42,4,295,32,4,11,2,1,2779,461,25,1929,438,25,441,109,6,1488,329,19,2947,485,34,1806,414,24,1662,403,24,432,107,6,973,47,1,267,35,1,9,2,0,
213598,Lincoln University,1,1,19,1790,492,20,1779,492,20,411,103,3,1368,389,17,1946,522,21,1650,461,20,1649,461,20,406,102,3,140,31,0,130,31,0,5,1,0,1872,527,22,1863,526,22,502,124,8,1361,402,14,2051,568,23,1729,496,20,1729,496,20,497,123,8,143,31,2,134,30,2,5,1,0,1996,521,24,1992,521,24,464,107,8,1528,414,16,2214,578,24,1743,449,23,1743,449,23,458,107,8,253,72,1,249,72,1,6,0,0,2103,588,25,2092,586,25,457,131,1,1635,455,24,2351,641,26,1945,553,25,1942,551,25,454,131,1,158,35,0,150,35,0,3,0,0,
198862,Livingstone College,1,2,22,930,476,16,930,476,16,235,145,4,695,331,12,930,476,16,904,464,16,904,464,16,232,142,4,26,12,0,26,12,0,3,3,0,1006,517,0,1006,517,0,266,152,0,740,365,0,1006,517,0,953,496,0,953,496,0,256,146,0,53,21,0,53,21,0,10,6,0,1032,495,0,1032,495,0,246,134,0,786,361,0,1032,495,0,1003,479,0,1003,479,0,239,128,0,29,16,0,29,16,0,7,6,0,1260,573,12,1252,573,10,382,186,4,870,387,6,1260,573,12,1216,555,12,1209,555,10,377,183,4,44,18,0,43,18,0,5,3,0,
220792,Meharry Medical College,1,2,25,,,,,,,,,,,,,997,280,0,,,,,,,,,,,,,,,,,,,,,,,,,,,,,,,980,291,0,,,,,,,,,,,,,,,,,,,,,,,,,,,,,,,949,301,0,,,,,,,,,,,,,,,,,,,,,,,,,,,,,,,880,299,0,,,,,,,,,,,,,,,,,,,
101675,Miles College,1,2,22,1720,706,0,1714,704,0,490,190,0,1224,514,0,1720,706,0,1599,648,0,1599,648,0,485,186,0,121,58,0,115,56,0,5,4,0,1712,736,0,1706,734,0,443,200,0,1263,534,0,1712,736,0,1592,678,0,1592,678,0,438,196,0,120,58,0,114,56,0,5,4,0,1649,707,0,1644,707,0,475,212,0,1169,495,0,1649,707,0,1516,658,0,1516,658,0,458,202,0,133,49,0,128,49,0,17,10,0,1677,735,0,1665,733,0,393,184,0,1272,549,0,1677,735,0,1584,699,0,1581,698,0,389,181,0,93,36,0,84,35,0,4,3,0,
176044,Mississippi Valley State University,1,1,20,2180,737,0,1364,567,0,260,117,0,1104,450,0,2427,810,0,1205,500,0,1148,478,0,218,96,0,975,237,0,216,89,0,42,21,0,2305,792,0,1487,617,0,221,104,0,1266,513,0,2699,915,0,1209,512,0,1163,494,0,174,79,0,1096,280,0,324,123,0,47,25,0,1906,709,0,1547,606,0,263,126,0,1284,480,0,2339,832,0,1332,515,0,1318,513,0,219,103,0,574,194,0,229,93,0,44,23,0,2166,768,0,1723,649,0,363,161,0,1360,488,0,2549,893,0,1527,573,0,1527,573,0,320,137,0,639,195,0,196,76,0,43,24,0,
140553,Morehouse College,1,2,21,2897,2762,12,2853,2723,12,761,741,1,2092,1982,11,2897,2762,12,2297,2193,12,2294,2191,12,684,667,1,600,569,0,559,532,0,77,74,0,2924,2717,14,2845,2702,14,638,630,2,2207,2072,12,2924,2717,14,2271,2201,13,2270,2200,13,627,621,2,653,516,1,575,502,1,11,9,0,2482,1763,14,2294,1698,14,559,558,1,1735,1140,13,2482,1763,14,2107,1544,14,2107,1544,14,544,543,1,375,219,0,187,154,0,15,15,0,2341,1700,16,2337,1699,16,574,89,2,1763,1610,14,2341,1700,16,2214,1582,16,2211,1581,16,569,89,2,127,118,0,126,118,0,5,0,0,
140562,Morehouse School of Medicine,1,2,25,,,,,,,,,,,,,1026,269,0,,,,,,,,,,,,,,,,,,,,,,,,,,,,,,,832,236,0,,,,,,,,,,,,,,,,,,,,,,,,,,,,,,,746,207,0,,,,,,,,,,,,,,,,,,,,,,,,,,,,,,,648,159,0,,,,,,,,,,,,,,,,,,,
163453,Morgan State University,1,1,16,8270,2085,262,8245,2079,260,2275,657,64,5970,1422,196,9912,2370,537,7434,1866,226,7431,1865,226,2262,657,64,836,219,36,814,214,34,13,0,0,7623,1807,247,7584,1792,245,2404,343,41,5180,1449,204,9224,2094,481,6593,1513,196,6593,1513,196,2363,338,41,1030,294,51,991,279,49,41,5,0,6771,2022,209,6740,2012,209,1234,334,4,5506,1678,205,8294,2337,326,5816,1718,154,5813,1716,154,1219,332,3,955,304,55,927,296,55,15,2,1,6988,2184,385,6964,2180,384,1407,453,13,5557,1727,371,8432,2497,457,6010,1899,306,6006,1899,305,1393,448,12,978,285,79,958,281,79,14,5,1,
140571,MORRIS BROWN COLLEGE,1,2,-2,347,156,0,342,153,0,91,46,0,251,107,0,347,156,0,234,101,0,234,101,0,60,29,0,113,55,0,108,52,0,31,17,0,104,48,0,104,48,0,40,24,0,64,24,0,104,48,0,58,22,0,58,22,0,19,11,0,46,26,0,46,26,0,21,13,0,,,,,,,,,,,,,,,,,,,,,,,,,,,,,,,,,,,,,,,,,,,,,,,,,,,,,,,,,,,,,,,,,,,
218399,Morris College,1,2,22,508,222,0,508,222,0,187,81,0,321,141,0,508,222,0,480,210,0,480,210,0,178,78,0,28,12,0,28,12,0,9,3,0,486,209,0,486,209,0,127,73,0,359,136,0,486,209,0,468,200,0,468,200,0,121,71,0,18,9,0,18,9,0,6,2,0,507,180,0,506,179,0,106,40,0,400,139,0,507,180,0,446,153,0,446,153,0,93,35,0,61,27,0,60,26,0,13,5,0,694,268,0,689,265,0,237,98,0,452,167,0,694,268,0,667,254,0,667,254,0,237,98,0,27,14,0,22,11,0,,,,
232937,Norfolk State University,1,1,19,5816,1556,17,5801,1552,17,1341,418,2,4460,1134,15,6370,1676,51,4969,1350,13,4968,1349,13,1227,393,1,847,206,4,833,203,4,114,25,1,5479,1476,15,5456,1472,15,172,56,1,5284,1416,14,6011,1585,46,4778,1316,13,4778,1316,13,156,51,1,701,160,2,678,156,2,16,5,0,5470,1414,22,5435,1411,22,231,58,2,5204,1353,20,6041,1542,52,4816,1287,16,4815,1287,16,210,52,2,654,127,6,620,124,6,21,6,0,5498,1469,13,5460,1462,13,193,45,1,5267,1417,12,6075,1597,48,4688,1306,11,4685,1305,11,169,41,1,810,163,2,775,157,2,24,4,0,
199102,North Carolina A & T State University,1,1,16,13017,3990,36,12573,3854,34,3176,910,6,9397,2944,28,14933,4370,267,11025,3372,30,10909,3338,28,3130,894,6,1992,618,6,1664,516,6,46,16,0,12704,3963,38,12260,3857,31,3026,900,7,9234,2957,24,14642,4342,235,10773,3438,25,10679,3413,25,2967,885,7,1931,525,13,1581,444,6,59,15,0,12201,3867,45,11615,3756,38,2209,696,1,9406,3060,37,14121,4240,226,10396,3416,30,10314,3390,30,2172,690,1,1805,451,15,1301,366,8,37,6,0,12108,3911,66,11399,3778,59,2341,790,5,9058,2988,54,13854,4251,267,10344,3454,53,10253,3435,49,2318,783,5,1764,457,13,1146,343,10,23,7,0,
199157,North Carolina Central University,1,1,18,6309,1458,5,5604,1356,5,1222,347,1,4382,1009,4,8456,1798,25,4870,1211,4,4699,1188,4,1134,307,1,1439,247,1,905,168,1,88,40,0,6527,1437,5,5763,1334,5,1230,335,1,4533,999,4,8824,1802,14,4992,1199,5,4837,1179,5,1159,311,1,1535,238,0,926,155,0,71,24,0,6746,1471,5,5988,1356,5,1348,350,1,4640,1006,4,9000,1806,12,5206,1236,5,5054,1207,5,1253,325,1,1540,235,0,934,149,0,95,25,0,6869,1539,3,5931,1399,3,1059,263,0,4872,1136,3,9070,1855,13,5253,1293,3,5089,1261,3,1043,262,0,1616,246,0,842,138,0,16,1,0,
101912,Oakwood University,1,2,21,1601,483,98,1546,467,97,437,133,46,1109,334,51,1650,498,98,1440,431,93,1438,430,93,432,129,46,161,52,5,108,37,4,5,4,0,1551,519,56,1506,512,56,331,111,21,1175,401,35,1639,545,57,1365,460,54,1365,460,54,325,109,21,186,59,2,141,52,2,6,2,0,1870,602,57,1840,592,57,354,116,14,1486,476,43,1970,630,58,1705,547,51,1704,547,51,344,112,13,165,55,6,136,45,6,10,4,1,1587,547,49,1550,539,49,307,103,9,1243,436,40,1662,561,51,1458,507,47,1458,507,47,307,103,9,129,40,2,92,32,2,,,,
140720,Paine College,1,2,21,342,112,11,324,110,11,98,34,0,226,76,11,342,112,11,294,100,11,293,100,11,92,31,0,48,12,0,31,10,0,6,3,0,302,127,11,292,124,11,94,43,8,198,81,3,302,127,11,244,101,11,244,101,11,81,36,8,58,26,0,48,23,0,13,7,0,233,103,0,217,98,0,25,15,0,192,83,0,233,103,0,180,83,0,180,83,0,20,12,0,53,20,0,37,15,0,5,3,0,495,197,4,480,195,4,112,50,3,368,145,1,495,197,4,329,122,4,329,122,4,89,34,3,166,75,0,151,73,0,23,16,0,
227429,Paul Quinn College,1,2,22,1237,190,2,1237,190,2,152,39,0,1085,151,2,1238,191,2,331,101,2,331,101,2,99,27,0,906,89,0,906,89,0,53,12,0,1147,200,2,1147,200,2,194,52,0,953,148,2,1147,200,2,251,62,2,251,62,2,30,10,0,896,138,0,896,138,0,164,42,0,613,207,6,612,206,6,85,34,0,527,172,6,613,207,6,472,153,5,472,153,5,40,20,0,141,54,1,140,53,1,45,14,0,638,210,6,636,209,6,165,59,1,471,150,5,638,210,6,532,171,6,531,170,6,143,49,1,106,39,0,105,39,0,22,10,0,
107600,Philander Smith University,1,2,22,1146,391,32,1140,390,32,387,150,14,753,240,18,1167,399,32,979,340,28,976,340,28,375,144,14,167,51,4,164,50,4,12,6,0,797,252,21,796,252,21,95,34,2,701,218,19,797,252,21,668,208,21,668,208,21,95,34,2,129,44,0,128,44,0,,,,991,318,18,988,318,18,149,49,3,839,269,15,991,318,18,914,289,18,914,289,18,142,47,3,77,29,0,74,29,0,7,2,0,1121,388,17,1120,388,17,305,119,5,815,269,12,1121,388,17,1059,367,17,1058,367,17,297,116,5,62,21,0,62,21,0,8,3,0,
227526,Prairie View A & M University,1,1,16,8831,2359,53,8831,2359,53,1828,487,1,7003,1872,52,10095,2633,135,7787,2081,49,7787,2081,49,1801,478,1,1044,278,4,1044,278,4,27,9,0,9028,2407,70,9028,2407,70,1893,403,3,7135,2004,67,10246,2694,152,8082,2128,59,8082,2128,59,1800,379,3,946,279,11,946,279,11,93,24,0,9091,2462,82,9091,2462,82,2003,482,11,7088,1980,71,10303,2749,152,8089,2181,74,8089,2181,74,1895,454,11,1002,281,8,1002,281,8,108,28,0,9100,2554,71,9100,2554,71,2076,516,3,7024,2038,68,10184,2797,150,7862,2199,68,7862,2199,68,1720,423,3,1238,355,3,1238,355,3,356,93,0,
176318,Rust College,1,2,21,629,278,3,593,267,3,167,80,0,426,187,3,629,278,3,543,256,3,526,247,3,121,69,0,86,22,0,67,20,0,46,11,0,962,396,3,962,396,3,315,130,0,647,266,3,962,396,3,656,279,3,656,279,3,229,94,0,306,117,0,306,117,0,86,36,0,804,313,5,804,313,5,255,91,5,549,222,0,804,313,5,618,250,5,618,250,5,212,75,5,186,63,0,186,63,0,43,16,0,884,316,11,884,316,11,245,85,3,639,231,8,884,316,11,653,239,5,653,239,5,180,60,1,231,77,6,231,77,6,65,25,2,
199582,Saint Augustine's University,1,2,22,1221,543,17,1059,498,17,302,140,4,757,358,13,1251,555,17,917,397,15,821,376,15,231,106,4,304,146,2,238,122,2,71,34,0,1300,460,15,1109,422,15,157,44,0,952,378,15,1334,476,15,846,330,15,780,319,15,56,20,0,454,130,0,329,103,0,101,24,0,1180,469,9,1020,436,9,429,174,0,591,262,9,1180,469,9,1025,421,9,989,415,9,425,174,0,155,48,0,31,21,0,4,0,0,1108,510,12,963,490,12,288,157,1,675,333,11,1108,510,12,924,463,12,924,463,12,280,152,1,184,47,0,39,27,0,8,5,0,
140960,Savannah State University,1,1,20,3150,959,31,3024,935,28,633,198,10,2391,737,18,3392,1020,33,2501,785,29,2495,785,27,619,193,10,649,174,2,529,150,1,14,5,0,3477,1076,25,3333,1050,23,835,255,4,2498,795,19,3766,1146,28,2625,814,22,2617,811,22,781,231,4,852,262,3,716,239,1,54,24,0,3713,1138,38,3528,1104,36,810,250,11,2718,854,25,3986,1204,46,2827,889,33,2821,888,33,752,232,10,886,249,5,707,216,3,58,18,1,3956,1215,38,3761,1182,36,892,288,5,2869,894,31,4182,1268,43,3167,985,31,3152,983,30,860,280,5,789,230,7,609,199,6,32,8,0,
102058,Selma University,1,2,-2,40,20,0,40,20,0,3,2,0,37,18,0,62,31,0,15,7,0,15,7,0,3,2,0,25,13,0,25,13,0,,,,31,22,0,31,22,0,27,18,0,4,4,0,44,31,0,12,7,0,12,7,0,10,5,0,19,15,0,19,15,0,17,13,0,,,,,,,,,,,,,,,,,,,,,,,,,,,,,,,,,,,,,,,,,,,,,,,,,,,,,,,,,,,,,,,,,,,
199643,Shaw University,1,2,22,1015,321,37,996,321,37,221,92,12,775,229,25,1176,379,37,891,293,37,887,293,37,212,88,12,124,28,0,109,28,0,9,4,0,1105,323,36,1090,323,36,184,72,6,906,251,30,1271,389,36,972,300,34,968,300,34,181,70,6,133,23,2,122,23,2,3,2,0,1276,344,22,1262,344,22,335,117,6,927,227,16,1441,408,23,1097,301,21,1097,301,21,286,97,6,179,43,1,165,43,1,49,20,0,1240,305,32,1231,302,31,271,79,3,960,223,28,1386,359,32,1119,277,30,1119,277,30,268,77,3,121,28,2,112,25,1,3,2,0,
461759,Simmons College of Kentucky,1,2,21,279,125,0,243,112,0,71,27,0,172,85,0,279,125,0,214,104,0,191,93,0,58,25,0,65,21,0,52,19,0,13,2,0,173,97,0,172,96,0,24,18,0,148,78,0,173,97,0,143,80,0,142,79,0,22,16,0,30,17,0,30,17,0,2,2,0,165,75,0,163,73,0,21,12,0,142,61,0,165,75,0,117,57,0,117,57,0,15,9,0,48,18,0,46,16,0,6,3,0,235,109,0,235,109,0,58,24,0,177,85,0,235,109,0,189,88,0,189,88,0,51,23,0,46,21,0,46,21,0,7,1,0,
218733,South Carolina State University,1,1,20,2677,1138,0,2599,1121,0,1034,439,0,1565,682,0,3019,1228,2,2287,978,0,2276,973,0,893,367,0,390,160,0,323,148,0,141,72,0,2281,988,0,2254,981,0,658,305,0,1596,676,0,2636,1066,1,1966,841,0,1955,836,0,566,253,0,315,147,0,299,145,0,92,52,0,2235,917,0,2184,913,0,547,221,0,1637,692,0,2625,989,3,1880,768,0,1873,767,0,454,175,0,355,149,0,311,146,0,93,46,0,2381,1030,1,2277,1009,1,433,174,0,1844,835,1,2752,1123,4,2035,902,0,2028,901,0,377,158,0,346,128,1,249,108,1,56,16,0,
160621,Southern University and A & M College,1,1,16,7203,2175,16,6365,1958,14,1763,553,0,4602,1405,14,9214,2580,16,5541,1742,10,5519,1732,10,1703,528,0,1662,433,6,846,226,4,60,25,0,7439,2270,20,6376,1965,18,1685,540,0,4691,1425,18,9374,2663,20,5452,1714,15,5419,1701,15,1605,504,0,1987,556,5,957,264,3,80,36,0,6959,2143,25,6024,1831,23,1462,482,5,4562,1349,18,8749,2508,25,5098,1542,22,5065,1534,22,1351,433,5,1861,601,3,959,297,1,111,49,0,7058,2179,49,6380,2034,25,1403,474,3,4977,1560,22,8050,2412,49,5305,1706,19,5299,1703,19,1369,460,3,1753,473,30,1081,331,6,34,14,0,
160630,Southern University at New Orleans,1,1,19,2537,623,2,1388,312,0,140,44,0,1248,268,0,2853,673,5,1017,244,0,1000,236,0,126,40,0,1520,379,2,388,76,0,14,4,0,2362,574,3,1534,317,3,133,42,0,1401,275,3,2746,654,4,1128,258,1,1110,250,1,103,32,0,1234,316,2,424,67,2,30,10,0,2293,545,11,1756,378,11,246,72,0,1510,306,11,2688,632,12,1273,286,9,1270,284,9,201,58,0,1020,259,2,486,94,2,45,14,0,2495,584,24,2036,457,24,250,70,2,1786,387,22,2946,666,31,1372,315,20,1370,315,20,212,63,1,1123,269,4,666,142,4,38,7,1,
440916,Southern University Law Center,1,1,31,,,,,,,,,,,,,,,,,,,,,,,,,,,,,,,,,,,,,,,,,,,,,,,,,,,,,,,,,,,,,,,,,,,,,,,,,,,,,,,,,,,,,,,,,,,,,,,,,,,,,,,,,,,,,,,,679,120,3,,,,,,,,,,,,,,,,,,,
228486,Southwestern Christian College,1,2,14,134,63,0,131,61,0,31,15,0,100,46,0,134,63,0,113,49,0,113,49,0,31,15,0,21,14,0,18,12,0,,,,112,60,0,112,60,0,60,29,0,52,31,0,112,60,0,104,55,0,104,55,0,58,27,0,8,5,0,8,5,0,2,2,0,89,42,0,89,42,0,38,24,0,51,18,0,89,42,0,85,40,0,85,40,0,35,23,0,4,2,0,4,2,0,3,1,0,117,54,0,117,54,0,60,26,0,57,28,0,117,54,0,117,54,0,117,54,0,60,26,0,,,,,,,,,,
141060,Spelman College,1,2,21,3873,79,1,3865,79,1,579,0,0,3286,79,1,3873,79,1,2381,0,0,2379,0,0,579,0,0,1492,79,1,1486,79,1,,,,2663,0,0,2663,0,0,796,0,0,1867,0,0,2663,0,0,2397,0,0,2397,0,0,796,0,0,266,0,0,266,0,0,,,,2286,0,0,2285,0,0,586,0,0,1699,0,0,2286,0,0,2187,0,0,2186,0,0,579,0,0,99,0,0,99,0,0,7,0,0,2190,0,0,2187,0,0,520,0,0,1667,0,0,2190,0,0,2132,0,0,2129,0,0,520,0,0,58,0,0,58,0,0,,,,
102270,Stillman College,1,2,22,983,382,3,834,345,2,176,71,1,658,274,1,983,382,3,687,279,1,677,277,1,132,54,0,296,103,2,157,68,1,44,17,1,864,343,0,798,323,0,124,51,0,674,272,0,864,343,0,657,267,0,652,265,0,102,43,0,207,76,0,146,58,0,22,8,0,829,333,0,796,333,0,149,59,0,647,274,0,829,333,0,754,320,0,735,320,0,144,59,0,75,13,0,61,13,0,5,0,0,972,386,2,926,377,2,258,104,2,668,273,0,972,386,2,926,377,2,926,377,2,258,104,2,46,9,0,,,,,,,
102298,Talladega College,1,2,22,1247,534,63,1247,534,63,274,127,14,973,407,49,1337,554,67,1175,503,63,1175,503,63,258,120,14,72,31,0,72,31,0,16,7,0,1342,504,63,1342,504,63,276,119,19,1066,385,44,1410,519,63,1280,482,61,1280,482,61,255,111,18,62,22,2,62,22,2,21,8,1,1380,574,15,1380,574,15,288,131,0,1092,443,15,1398,580,16,1328,547,12,1328,547,12,286,130,0,52,27,3,52,27,3,2,1,0,1333,556,24,1333,556,24,268,109,0,1065,447,24,1347,561,24,1240,515,22,1240,515,22,250,101,0,93,41,2,93,41,2,18,8,0,
221838,Tennessee State University,1,1,16,8092,2294,122,7722,2259,63,3617,1074,18,4105,1185,45,9997,2552,225,6846,2013,58,6837,2012,58,3589,1066,16,1246,281,64,885,247,5,28,8,2,6894,1877,232,6274,1826,53,1699,527,1,4575,1299,52,8976,2151,307,5138,1532,44,5132,1532,44,1625,499,1,1756,345,188,1142,294,9,74,28,0,6495,1776,81,6142,1712,81,1771,519,8,4371,1193,73,8424,2006,154,5001,1412,64,4999,1411,64,1656,488,6,1494,364,17,1143,301,17,115,31,2,6486,1782,163,6050,1701,149,1306,417,9,4744,1284,140,8953,2185,255,5017,1470,107,5013,1469,107,1283,408,9,1469,312,56,1037,232,42,23,9,0,
228884,Texas College,1,2,22,872,501,7,872,501,7,173,103,1,699,398,6,872,501,7,848,491,7,848,491,7,173,103,1,24,10,0,24,10,0,,,,866,448,12,866,448,12,207,128,1,659,320,11,866,448,12,839,431,11,839,431,11,207,128,1,27,17,1,27,17,1,,,,855,356,8,855,356,8,187,87,1,668,269,7,855,356,8,778,328,8,778,328,8,187,87,1,77,28,0,77,28,0,,,,1062,453,23,1062,453,23,261,112,9,801,341,14,1062,453,23,967,420,22,967,420,22,261,112,9,95,33,1,95,33,1,,,,
229063,Texas Southern University,1,1,16,7580,2226,71,7580,2226,71,2524,724,3,5056,1502,68,9571,2626,119,6055,1764,63,6055,1764,63,2164,613,3,1525,462,8,1525,462,8,360,111,0,6518,1941,97,6518,1941,97,1495,458,7,5023,1483,90,8481,2410,133,5320,1561,79,5320,1561,79,1384,409,6,1198,380,18,1198,380,18,111,49,1,6184,1825,131,6184,1825,131,901,259,2,5283,1566,129,8122,2284,160,4685,1317,104,4685,1317,104,689,178,2,1499,508,27,1499,508,27,212,81,0,7884,2480,276,7884,2480,276,1646,551,11,6238,1929,265,10003,3001,313,6468,2051,225,6468,2051,225,1429,476,11,1416,429,51,1416,429,51,217,75,0,
176406,Tougaloo College,1,2,21,694,240,0,573,200,0,139,48,0,434,152,0,718,241,0,600,205,0,551,192,0,139,48,0,94,35,0,22,8,0,,,,874,313,0,634,230,0,102,47,0,532,183,0,907,321,0,711,249,0,579,206,0,101,47,0,163,64,0,55,24,0,1,0,0,811,256,4,704,234,4,155,48,0,549,186,4,832,258,4,680,221,4,649,215,4,144,44,0,131,35,0,55,19,0,11,4,0,778,266,7,754,256,7,125,46,0,629,210,7,799,266,7,722,249,6,712,244,6,124,46,0,56,17,1,42,12,1,1,0,0,
102377,Tuskegee University,1,2,19,2510,818,0,2510,818,0,533,194,0,1977,624,0,3037,874,0,2164,741,0,2164,741,0,533,194,0,346,77,0,346,77,0,,,,2383,784,0,2383,784,0,551,175,0,1832,609,0,2904,846,0,2112,707,0,2112,707,0,545,175,0,271,77,0,271,77,0,6,0,0,2537,802,0,2537,802,0,485,144,0,2052,658,0,3058,862,0,2334,736,0,2334,736,0,485,144,0,203,66,0,203,66,0,,,,2658,794,0,2658,794,0,527,167,0,2131,627,0,3195,875,0,2058,628,0,2058,628,0,527,167,0,600,166,0,600,166,0,,,,
106412,University of Arkansas at Pine Bluff,1,1,22,2332,906,19,2297,890,19,596,250,8,1701,640,11,2580,984,37,1938,754,17,1938,754,17,522,208,7,394,152,2,359,136,2,74,42,1,2663,977,10,2614,957,10,710,270,3,1904,687,7,2898,1057,28,2268,832,10,2262,829,10,630,236,3,395,145,0,352,128,0,80,34,0,2698,987,10,2601,946,10,689,250,0,1912,696,10,2898,1048,25,2379,863,10,2366,857,10,623,217,0,319,124,0,235,89,0,66,33,0,2561,932,18,2474,894,18,510,203,3,1964,691,15,2724,971,36,2305,831,18,2302,830,18,499,198,3,256,101,0,172,64,0,11,5,0,
163338,University of Maryland Eastern Shore,1,1,16,2465,782,27,2312,750,27,600,211,9,1712,539,18,3229,872,47,2087,697,27,2087,697,27,583,206,9,378,85,0,225,53,0,17,5,0,2075,513,17,1924,503,17,468,145,2,1456,358,15,2752,567,35,1703,464,16,1703,464,16,454,144,2,372,49,1,221,39,1,14,1,0,2297,537,21,2152,530,21,495,114,1,1657,416,20,2946,591,38,1926,485,18,1926,485,18,482,112,1,371,52,3,226,45,3,13,2,0,2544,608,46,2399,584,46,83,9,6,2316,575,40,3208,674,64,2197,542,43,2197,542,43,80,9,6,347,66,3,202,42,3,3,0,0,
131399,University of the District of Columbia,1,1,19,4160,760,69,3630,662,69,727,111,5,2903,551,64,4747,859,90,1512,318,60,1494,315,60,295,48,5,2648,442,9,2136,347,9,432,63,0,3943,771,96,3505,711,96,492,79,9,3013,632,87,4527,872,113,1650,341,89,1625,336,89,284,42,9,2293,430,7,1880,375,7,208,37,0,4199,873,117,3929,847,117,543,142,0,3386,705,117,4837,991,136,1919,426,103,1875,419,103,292,79,0,2280,447,14,2054,428,14,251,63,0,4939,1029,199,4382,960,199,904,222,23,3478,738,176,5394,1117,220,2129,478,180,2065,470,180,428,116,23,2810,551,19,2317,490,19,476,106,0,
243665,University of the Virgin Islands,1,1,20,1702,299,27,1568,281,26,308,63,3,1260,218,23,1982,330,39,1027,193,17,1000,192,17,261,54,2,675,106,10,568,89,9,47,9,1,1666,301,20,1594,293,20,271,62,2,1323,231,18,1956,334,26,974,181,13,972,180,13,209,52,2,692,120,7,622,113,7,62,10,0,1880,382,32,1758,354,30,384,95,4,1374,259,26,2176,418,38,1126,225,21,1122,222,21,292,77,3,754,157,11,636,132,9,92,18,1,2177,449,35,2007,427,34,444,124,6,1563,303,28,2454,481,44,1385,291,30,1374,289,29,384,109,4,792,158,5,633,138,5,60,15,2,
234155,Virginia State University,1,1,19,4952,1990,19,4938,1983,19,1559,573,8,3379,1410,11,5347,2103,24,4352,1616,17,4352,1616,17,1539,563,7,600,374,2,586,367,2,20,10,1,8029,2954,32,7986,2948,32,979,340,1,7007,2608,31,8936,3173,45,6920,2582,23,6919,2582,23,960,335,1,1109,372,9,1067,366,9,19,5,0,7791,2812,56,7717,2797,56,961,351,4,6756,2446,52,8654,2996,83,6683,2444,42,6682,2443,42,939,346,2,1108,368,14,1035,354,14,22,5,2,4320,1643,41,4294,1639,38,1116,442,5,3178,1197,33,4708,1753,65,3659,1445,20,3657,1444,19,1111,441,3,661,198,21,637,195,19,5,1,2,
234164,Virginia Union University,1,2,21,1504,568,11,1488,566,10,347,155,2,1141,411,8,2201,763,73,1200,483,11,1189,482,10,276,131,2,304,85,0,299,84,0,71,24,0,1282,492,13,1239,484,13,342,115,0,897,369,13,1863,658,113,845,326,13,844,325,13,216,77,0,437,166,0,395,159,0,126,38,0,1278,519,6,1171,504,6,361,147,0,810,357,6,1700,714,11,1172,484,6,1065,469,6,338,145,0,106,35,0,106,35,0,23,2,0,1376,542,6,1315,536,6,294,132,2,1021,404,4,1735,707,10,1251,524,6,1198,518,6,287,132,2,125,18,0,117,18,0,7,0,0,
234137,Virginia University of Lynchburg,1,2,23,480,188,0,480,188,0,171,96,0,309,92,0,1167,414,0,384,138,0,384,138,0,129,71,0,96,50,0,96,50,0,42,25,0,315,228,0,315,228,0,136,107,0,179,121,0,910,399,0,178,135,0,178,135,0,90,70,0,137,93,0,137,93,0,46,37,0,152,100,0,152,100,0,43,28,0,109,72,0,512,221,0,128,88,0,128,88,0,39,25,0,24,12,0,24,12,0,4,3,0,257,188,0,257,188,0,107,81,0,150,107,0,329,228,0,240,176,0,240,176,0,103,77,0,17,12,0,17,12,0,4,4,0,
218919,Voorhees University,1,2,22,496,211,11,496,211,11,137,59,8,359,152,3,533,218,11,440,183,11,440,183,11,120,44,8,56,28,0,56,28,0,17,15,0,436,173,7,436,173,7,87,42,1,349,131,6,436,173,7,378,153,5,378,153,5,84,41,1,58,20,2,58,20,2,3,1,0,409,158,8,409,158,8,84,35,3,325,123,5,409,158,8,375,141,8,375,141,8,80,31,3,34,17,0,34,17,0,4,4,0,543,223,5,543,223,5,175,70,0,368,153,5,543,223,5,536,221,5,536,221,5,175,70,0,7,2,0,7,2,0,,,,
237899,West Virginia State University,1,1,20,4248,179,18,1501,146,18,340,30,4,1161,116,14,4438,190,29,1414,125,17,1305,125,17,327,29,4,2834,54,1,196,21,1,13,1,0,4001,187,18,1579,168,18,354,47,6,1225,121,12,4164,198,27,1472,154,17,1345,152,17,344,47,5,2529,33,1,234,16,1,10,0,1,4380,168,138,1874,153,138,304,39,0,1570,114,138,4582,181,145,1600,134,67,1495,134,67,290,37,0,2780,34,71,379,19,71,14,2,0,5282,177,419,2448,153,417,289,43,0,2159,110,417,5808,185,427,2025,140,250,1895,139,250,277,42,0,3257,37,169,553,14,167,12,1,0,
206491,Wilberforce University,1,2,22,593,188,0,588,188,0,152,37,0,436,151,0,606,193,0,462,146,0,462,146,0,122,31,0,131,42,0,126,42,0,30,6,0,772,305,0,772,305,0,360,178,0,412,127,0,789,312,0,568,200,0,568,200,0,170,79,0,204,105,0,204,105,0,190,99,0,502,180,0,491,178,0,120,52,0,371,126,0,520,188,0,438,155,0,438,155,0,98,40,0,64,25,0,53,23,0,22,12,0,605,246,0,586,245,0,136,68,0,450,177,0,620,254,0,563,235,0,563,235,0,131,66,0,42,11,0,23,10,0,5,2,0,
229887,Wiley University,1,2,22,798,295,8,798,295,8,288,102,4,510,193,4,798,295,8,746,285,8,746,285,8,283,101,4,52,10,0,52,10,0,5,1,0,820,323,5,820,323,5,270,124,2,550,199,3,820,323,5,730,295,4,730,295,4,246,114,1,90,28,1,90,28,1,24,10,1,752,272,11,752,272,11,188,66,0,564,206,11,752,272,11,668,245,11,668,245,11,170,56,0,84,27,0,84,27,0,18,10,0,881,299,17,880,299,17,138,48,2,742,251,15,881,299,17,816,275,16,815,275,16,134,46,2,65,24,1,65,24,1,4,2,0,
199999,Winston-Salem State University,1,1,17,4944,995,14,4827,974,13,873,216,3,3954,758,10,5512,1050,23,4041,880,11,4039,879,11,867,215,3,903,115,3,788,95,2,6,1,0,5282,983,13,5041,945,11,925,183,1,4116,762,10,5881,1029,29,4152,864,8,4130,852,8,922,183,1,1130,119,5,911,93,3,3,0,0,5310,961,16,5008,940,14,1025,203,3,3983,737,11,5897,1010,35,4253,857,11,4182,856,11,1022,202,3,1057,104,5,826,84,3,3,1,0,5286,1029,17,4960,1019,14,982,208,0,3978,811,14,5834,1071,38,4279,958,13,4222,958,12,977,207,0,1007,71,4,738,61,2,5,1,0,
160904,Xavier University of Louisiana,1,2,19,2857,518,24,2796,514,23,865,145,3,1931,369,20,3731,622,38,2648,484,21,2642,484,20,845,144,3,209,34,3,154,30,3,20,1,0,2957,541,23,2854,531,22,1034,194,5,1820,337,17,3984,654,35,2676,487,23,2668,487,22,998,189,5,281,54,0,186,44,0,36,5,0,2782,501,21,2680,495,21,775,134,7,1905,361,14,3823,610,34,2469,442,21,2468,442,21,719,119,7,313,59,0,212,53,0,56,15,0,2773,461,18,2656,453,18,846,132,3,1810,321,15,3701,550,31,2470,429,18,2470,429,18,839,131,3,303,32,0,186,24,0,7,1,0,